{
    "03739641-02de-4df0-8394-0d3d7e79c7f9": {
        "address": "Address for Aubrey Hammond",
        "age": 30,
        "name": "Aubrey Hammond"
    },
    "0424fa5f-9221-4508-9ade-a21739f94707": {
        "address": "Address for Javon Fry",
        "age": 13,
        "name": "Javon Fry"
    },
    "070686db-2090-4ce2-b9d1-d9520458016e": {
        "address": "Address for Dawson Rivers",
        "age": 36,
        "name": "Dawson Rivers"
    },
    "0b3b040c-6077-428a-be9d-88a758be75cb": {
        "address": "Address for Deandre Holloway",
        "age": 35,
        "name": "Deandre Holloway"
    },
    "0d338c94-9380-4ef1-9cd8-3aec8e59e38a": {
        "address": "Address for Gina Larsen",
        "age": 53,
        "name": "Gina Larsen"
    },
    "10363c18-84f4-4acc-87ff-23888eaa19ad": {
        "address": "Address for Bradley Simmons",
        "age": 48,
        "name": "Bradley Simmons"
    },
    "11ceb0d0-0335-47bd-9282-698d5086a78a": {
        "address": "Address for Jamie Simmons",
        "age": 30,
        "name": "Jamie Simmons"
    },
    "13547cda-1f56-4793-ad9a-3582585a0570": {
        "address": "Address for Hayley Jacobs",
        "age": 64,
        "name": "Hayley Jacobs"
    },
    "15df1be0-447d-474b-b7e6-c36c516a79e7": {
        "address": "Address for Kylie Mullins",
        "age": 40,
        "name": "Kylie Mullins"
    },
    "18f569e0-cbbf-44c8-a048-fc200a7bf877": {
        "address": "Address for Harrison Monroe",
        "age": 15,
        "name": "Harrison Monroe"
    },
    "1a0176eb-c098-472d-844e-035cab0b71f7": {
        "address": "Address for Ava Velez",
        "age": 57,
        "name": "Ava Velez"
    },
    "220e7f8c-e2f9-43b6-b821-13a30a7875c9": {
        "address": "Address for Van Beard",
        "age": 69,
        "name": "Van Beard"
    },
    "249f56de-c72b-484e-82f8-a1ddb8720f3f": {
        "address": "Address for Beatrice Obrien",
        "age": 35,
        "name": "Beatrice Obrien"
    },
    "25b99885-795d-4e1b-b12e-5a12f39f8031": {
        "address": "Address for Kaila Bradshaw",
        "age": 47,
        "name": "Kaila Bradshaw"
    },
    "2bfa598d-bf6a-42fd-b02e-60f19c613bd4": {
        "address": "Address for Cyrus Robinson",
        "age": 57,
        "name": "Cyrus Robinson"
    },
    "2c839d8a-0de7-462f-ad02-44324a108375": {
        "address": "Address for Regina Porter",
        "age": 38,
        "name": "Regina Porter"
    },
    "2cb69877-482a-48ff-bb71-4900886772c6": {
        "address": "Address for Jack Dawson",
        "age": 55,
        "name": "Jack Dawson"
    },
    "2ddefbc1-e44c-462c-8583-9c7453e6b997": {
        "address": "Address for Bradley Simmons",
        "age": 58,
        "name": "Bradley Simmons"
    },
    "322c46c3-8e74-4927-a227-e2760df44243": {
        "address": "Address for Blake Dickson",
        "age": 10,
        "name": "Blake Dickson"
    },
    "353b229a-77fb-4c17-bcf0-f535a028b48a": {
        "address": "Address for Deandre Holloway",
        "age": 37,
        "name": "Deandre Holloway"
    },
    "394140fe-83bd-47a6-bbb6-5a19bcfc1ee3": {
        "address": "Address for Stephen Acevedo",
        "age": 38,
        "name": "Stephen Acevedo"
    },
    "3f85bc1e-6b37-4aff-a1ad-00665a3c4d7d": {
        "address": "Address for Oscar Rodgers",
        "age": 23,
        "name": "Oscar Rodgers"
    },
    "428289eb-74df-4521-9f8f-977b36412f7c": {
        "address": "Address for Nyla Allison",
        "age": 12,
        "name": "Nyla Allison"
    },
    "4617dcb0-14af-45be-a1e1-893be5e2a137": {
        "address": "Address for Addisyn Howe",
        "age": 17,
        "name": "Addisyn Howe"
    },
    "4dae52b6-417d-4693-838a-55ce17f909a9": {
        "address": "Address for Katherine Dominguez",
        "age": 10,
        "name": "Katherine Dominguez"
    },
    "4ee53870-6be1-491c-9e3c-1aa4220591bd": {
        "address": "Address for Kendal Murphy",
        "age": 12,
        "name": "Kendal Murphy"
    },
    "505f53f4-ca29-4334-ae83-ec31d266e754": {
        "address": "Address for Garrett Landry",
        "age": 40,
        "name": "Garrett Landry"
    },
    "512f89a8-cc78-43a3-9a1b-54a7f1cb00f1": {
        "address": "Address for Nick Patel",
        "age": 34,
        "name": "Nick Patel"
    },
    "533775a9-92a1-4745-b162-35b35616e50d": {
        "address": "Address for Alexus Boone",
        "age": 61,
        "name": "Alexus Boone"
    },
    "5521580b-f325-4288-a8fe-6af9d781020d": {
        "address": "Address for Tessa Proctor",
        "age": 19,
        "name": "Tessa Proctor"
    },
    "5b4792c3-f9b8-4f10-b057-e267005381b3": {
        "address": "Address for Ramon Estes",
        "age": 69,
        "name": "Ramon Estes"
    },
    "5d795588-22f3-4689-a7be-b2cb03170e49": {
        "address": "Address for Ava Velez",
        "age": 69,
        "name": "Ava Velez"
    },
    "623bb473-76d9-45e3-951f-253f333e94b1": {
        "address": "Address for Regina Porter",
        "age": 22,
        "name": "Regina Porter"
    },
    "6503870c-3ecc-4833-b24d-aaec2b4de548": {
        "address": "Address for Ramon Estes",
        "age": 46,
        "name": "Ramon Estes"
    },
    "6be87500-a2f5-4f87-849e-09e746c55ec0": {
        "address": "Address for Gina Larsen",
        "age": 65,
        "name": "Gina Larsen"
    },
    "6e7c5a26-e8b3-4557-866d-0bd90f814d70": {
        "address": "Address for Alice Kent",
        "age": 17,
        "name": "Alice Kent"
    },
    "6fd63e7e-8805-4f75-b0c6-7846ad021a72": {
        "address": "Address for Emilia Montgomery",
        "age": 40,
        "name": "Emilia Montgomery"
    },
    "71ba49e1-d0ca-40b7-a88f-c2f4acfac101": {
        "address": "Address for Grayson Hayes",
        "age": 42,
        "name": "Grayson Hayes"
    },
    "77e8d412-72b5-4ff3-9ee5-e2f04f215d31": {
        "address": "Address for Cyrus Robinson",
        "age": 35,
        "name": "Cyrus Robinson"
    },
    "791fd7ec-da01-4009-9729-b6a644f247a8": {
        "address": "Address for Angelina Townsend",
        "age": 28,
        "name": "Angelina Townsend"
    },
    "7b9d4c48-2dad-4b89-aa00-02ad497a3107": {
        "address": "Address for Rihanna Price",
        "age": 56,
        "name": "Rihanna Price"
    },
    "806534fd-e4bf-4964-8070-282eec385ded": {
        "address": "Address for Cannon Holt",
        "age": 37,
        "name": "Cannon Holt"
    },
    "8394a871-a755-4118-a533-7d8fc6bb2612": {
        "address": "Address for Harrison Monroe",
        "age": 31,
        "name": "Harrison Monroe"
    },
    "84f40985-3120-4d04-aadc-546f6d48ecc2": {
        "address": "Address for Kaila Bradshaw",
        "age": 13,
        "name": "Kaila Bradshaw"
    },
    "85db54c6-089c-47ce-84a1-2529b01ce7fe": {
        "address": "Address for Kadence Vincent",
        "age": 31,
        "name": "Kadence Vincent"
    },
    "862e724e-5334-41cb-9739-4522dc1751a5": {
        "address": "Address for Cyrus Robinson",
        "age": 68,
        "name": "Cyrus Robinson"
    },
    "87d9319d-2a9e-4c4d-ad69-74606eeb8b27": {
        "address": "Address for Kylie Mullins",
        "age": 37,
        "name": "Kylie Mullins"
    },
    "8b41213e-da38-4900-b471-1b73cf21fa36": {
        "address": "Address for Jennifer Burns",
        "age": 28,
        "name": "Jennifer Burns"
    },
    "8ceeb56f-3a61-4844-8924-afe4ec7f6148": {
        "address": "Address for Jaylen Romero",
        "age": 10,
        "name": "Jaylen Romero"
    },
    "90b1226b-0110-45b2-9030-0fe11258e10f": {
        "address": "Address for Lacey Carlson",
        "age": 59,
        "name": "Lacey Carlson"
    },
    "91dc6cd1-c95d-4170-8dd3-b36be903c5af": {
        "address": "Address for Jaylen Romero",
        "age": 24,
        "name": "Jaylen Romero"
    },
    "9203981a-65ae-4def-890c-1d1061d75a35": {
        "address": "Address for Mauricio Schwartz",
        "age": 10,
        "name": "Mauricio Schwartz"
    },
    "9530a45e-7f5c-424e-b068-1380edb9d6e7": {
        "address": "Address for Aubrey Hammond",
        "age": 50,
        "name": "Aubrey Hammond"
    },
    "9aafc51a-4739-48a5-9041-528c7680e30a": {
        "address": "Address for Nyla Farrell",
        "age": 64,
        "name": "Nyla Farrell"
    },
    "9bb2bb94-5b17-4639-a540-ee37fa1e40f3": {
        "address": "Address for Jaslene Andrews",
        "age": 32,
        "name": "Jaslene Andrews"
    },
    "a8f61243-9a86-4180-86e7-f4772f2adca0": {
        "address": "Address for Joseph Acevedo",
        "age": 38,
        "name": "Joseph Acevedo"
    },
    "a927284b-3aca-4da3-a530-acb5da4abcbd": {
        "address": "Address for Brian Mcfarland",
        "age": 50,
        "name": "Brian Mcfarland"
    },
    "abdf688d-7483-4880-8d73-c61e1d91ecc9": {
        "address": "Address for Jaslene Andrews",
        "age": 66,
        "name": "Jaslene Andrews"
    },
    "acaf6bcf-7e02-4b9a-9f5e-361c0012ad12": {
        "address": "Address for Jaylah Le",
        "age": 45,
        "name": "Jaylah Le"
    },
    "aeefac24-3b26-4155-a5f5-852c07a71063": {
        "address": "Address for Izaiah Potts",
        "age": 27,
        "name": "Izaiah Potts"
    },
    "afafbefe-87f1-44a5-8c24-70581401c144": {
        "address": "Address for Gina Larsen",
        "age": 21,
        "name": "Gina Larsen"
    },
    "b3aae94c-4b2e-4b1b-85c2-dd04e50ba6cb": {
        "address": "Address for Omari Ho",
        "age": 30,
        "name": "Omari Ho"
    },
    "b52fd4e4-ba12-4dcb-acc0-20648b49d7e8": {
        "address": "Address for Brian Mcfarland",
        "age": 43,
        "name": "Brian Mcfarland"
    },
    "b657a310-7c96-45d3-850b-722c3b515ba7": {
        "address": "Address for Bradley Simmons",
        "age": 64,
        "name": "Bradley Simmons"
    },
    "b77fee94-ebb2-4d35-8865-d8ef154df4a3": {
        "address": "Address for Maximo Morton",
        "age": 49,
        "name": "Maximo Morton"
    },
    "b900a422-0373-46ed-89bf-f0e65f9be2f3": {
        "address": "Address for Kendal Murphy",
        "age": 11,
        "name": "Kendal Murphy"
    },
    "c101fa9e-8e58-48cb-80f2-dc4768471ea0": {
        "address": "Address for Mauricio Schwartz",
        "age": 16,
        "name": "Mauricio Schwartz"
    },
    "c188f151-79ae-404b-99f1-ffa3127ffa3f": {
        "address": "Address for Kaley Chan",
        "age": 46,
        "name": "Kaley Chan"
    },
    "c493169e-1560-4660-b6dd-53dd8cf2faa4": {
        "address": "Address for Ana Downs",
        "age": 69,
        "name": "Ana Downs"
    },
    "c50addb6-a56a-4334-b422-7beaa8b241cb": {
        "address": "Address for Alexus Boone",
        "age": 18,
        "name": "Alexus Boone"
    },
    "c6eb2b64-07bf-47eb-9a24-371bcef508c0": {
        "address": "Address for Lacey Carlson",
        "age": 33,
        "name": "Lacey Carlson"
    },
    "c863fb98-8e4d-4952-b183-a9c799ac35bd": {
        "address": "Address for Beatrice Obrien",
        "age": 22,
        "name": "Beatrice Obrien"
    },
    "cb88e3aa-3745-4f93-8354-ae41abf963b9": {
        "address": "Address for Ava Velez",
        "age": 53,
        "name": "Ava Velez"
    },
    "cbaf7b57-85c4-4c69-aba4-623bd5eecfa7": {
        "address": "Address for Jaylah Singleton",
        "age": 21,
        "name": "Jaylah Singleton"
    },
    "cfeea6bc-f9e0-4f59-b57d-17c97a5d27c5": {
        "address": "Address for Aubrey Hammond",
        "age": 34,
        "name": "Aubrey Hammond"
    },
    "d0686c5f-ce75-4f25-8767-cca675f9a225": {
        "address": "Address for Jaylah Singleton",
        "age": 50,
        "name": "Jaylah Singleton"
    },
    "d4a30249-60a6-425f-92c4-1f085a6ddfd8": {
        "address": "Address for Joselyn Gilbert",
        "age": 55,
        "name": "Joselyn Gilbert"
    },
    "db95bc0b-6ae2-4ad6-9478-69f5ddfe7e7d": {
        "address": "Address for Jamie Simmons",
        "age": 66,
        "name": "Jamie Simmons"
    },
    "dc28dcfa-7dcf-481e-84a9-39ef84b43106": {
        "address": "Address for Deandre Holloway",
        "age": 11,
        "name": "Deandre Holloway"
    },
    "dccb0c47-2228-4a16-ae73-e3b5c199c1a5": {
        "address": "Address for Blake Dickson",
        "age": 67,
        "name": "Blake Dickson"
    },
    "dce9ef76-6d6f-454a-bca7-d2da73e56c83": {
        "address": "Address for Abril Meza",
        "age": 28,
        "name": "Abril Meza"
    },
    "e1d0cc05-e099-4da4-a569-6cb3925328a3": {
        "address": "Address for Beatrice Obrien",
        "age": 43,
        "name": "Beatrice Obrien"
    },
    "e3e5b471-97e5-4197-b865-8455cd1cf474": {
        "address": "Address for Justice Holden",
        "age": 36,
        "name": "Justice Holden"
    },
    "e5e39600-ad6b-4d8d-8893-7252f1b32a8e": {
        "address": "Address for Andreas Wade",
        "age": 65,
        "name": "Andreas Wade"
    },
    "e809484f-c389-48c3-859e-64870bd08325": {
        "address": "Address for Jaylah Singleton",
        "age": 69,
        "name": "Jaylah Singleton"
    },
    "ea321c10-2d85-4458-bbe8-4baf57a7db8e": {
        "address": "Address for Oscar Rodgers",
        "age": 55,
        "name": "Oscar Rodgers"
    },
    "f2cde181-a427-4492-99cf-c5ea9fce6232": {
        "address": "Address for Bailey Durham",
        "age": 69,
        "name": "Bailey Durham"
    },
    "f4dc04e3-6898-4f22-adb8-e4eec8ac918c": {
        "address": "Address for Katherine Dominguez",
        "age": 57,
        "name": "Katherine Dominguez"
    },
    "f70a5fc5-b05f-4759-b946-bc26b4a58b91": {
        "address": "Address for Ernest Cummings",
        "age": 37,
        "name": "Ernest Cummings"
    },
    "f71b6324-a6a4-46ce-9b3f-6144f7cbface": {
        "address": "Address for Shyann Oconnell",
        "age": 11,
        "name": "Shyann Oconnell"
    },
    "f882600c-6da5-4403-a0dc-c27836cb2d1b": {
        "address": "Address for Aliana Powell",
        "age": 35,
        "name": "Aliana Powell"
    },
    "f8f29bec-bdb6-45dd-93f5-c06f351979e2": {
        "address": "Address for Andreas Wade",
        "age": 30,
        "name": "Andreas Wade"
    },
    "f909e316-63c7-4352-965a-c7b585b86eb1": {
        "address": "Address for Bailey Durham",
        "age": 13,
        "name": "Bailey Durham"
    },
    "f986dc58-eb79-4135-98ba-69bd63e9212d": {
        "address": "Address for Ana Downs",
        "age": 17,
        "name": "Ana Downs"
    },
    "f9a47c71-d3c8-42a9-bcfe-e906f7b3fc4d": {
        "address": "Address for Alexandra Carrillo",
        "age": 24,
        "name": "Alexandra Carrillo"
    },
    "fadef35c-0675-40d0-b885-90449be27cbe": {
        "address": "Address for Garrett Landry",
        "age": 48,
        "name": "Garrett Landry"
    },
    "fd4e3964-6b3a-423b-99e6-38093baed8ed": {
        "address": "Address for Ana Downs",
        "age": 13,
        "name": "Ana Downs"
    },
    "fd8d1f2e-2beb-4070-9517-7520fd70f9c5": {
        "address": "Address for Evelyn Bond",
        "age": 62,
        "name": "Evelyn Bond"
    },
    "fe7dd225-1ed5-4aee-973e-b92c28963822": {
        "address": "Address for Katherine Dominguez",
        "age": 18,
        "name": "Katherine Dominguez"
    },
    "ff3a0088-14db-465b-94d3-e4d9f83d094f": {
        "address": "Address for Evelyn Bond",
        "age": 34,
        "name": "Evelyn Bond"
    }
}