<?xml version="1.0" encoding="UTF-8"?>
<beans xmlns="http://www.springframework.org/schema/beans"
	xmlns:context="http://www.springframework.org/schema/context"
	xmlns:mvc="http://www.springframework.org/schema/mvc"
	xmlns:xsi="http://www.w3.org/2001/XMLSchema-instance"
	xmlns:tx="http://www.springframework.org/schema/tx"
	xmlns:cache="http://www.springframework.org/schema/cache"
	xsi:schemaLocation="http://www.springframework.org/schema/beans 
		http://www.springframework.org/schema/beans/spring-beans-4.0.xsd 
		http://www.springframework.org/schema/context 
		http://www.springframework.org/schema/context/spring-context-4.0.xsd 
		http://www.springframework.org/schema/tx 
		http://www.springframework.org/schema/tx/spring-tx-4.0.xsd 
		http://www.springframework.org/schema/mvc 
		http://www.springframework.org/schema/mvc/spring-mvc-4.0.xsd  
		http://www.springframework.org/schema/cache 
		http://www.springframework.org/schema/cache/spring-cache-4.0.xsd">

	<context:component-scan base-package="org.rest.*" />
	<!-- <context:property-placeholder location="classpath:spring-localhost.properties" 
		ignore-unresolvable="true" /> -->



	<mvc:annotation-driven />
	<mvc:default-servlet-handler />



	<!-- <bean id = "swaggerConfig" class="springfox.documentation.swagger2.configuration.Swagger2DocumentationConfiguration" 
		/> -->

	<bean id="dataSource"
		class="org.apache.commons.dbcp2.BasicDataSource">
		<property name="driverClassName"
			value="${jdbc.driverClassName}" />
		<property name="url" value="${jdbc.url}" />
		<property name="username" value="${jdbc.username}" />
		<property name="password" value="${jdbc.pwd}" />
	</bean>

	<bean id="jdbcTemplate"
		class="org.springframework.jdbc.core.JdbcTemplate" scope="prototype">
		<property name="dataSource" ref="dataSource" />
		<property name="fetchSize" value="200" />
		<property name="lazyInit" value="true" />
	</bean>

	<bean id="namedParameterJdbcTemplate"
		class="org.springframework.jdbc.core.namedparam.NamedParameterJdbcTemplate"
		scope="prototype">
		<constructor-arg ref="jdbcTemplate" />
	</bean>

	<tx:annotation-driven
		transaction-manager="transactionManager" />

	<bean id="transactionManager"
		class="org.springframework.jdbc.datasource.DataSourceTransactionManager">
		<property name="dataSource" ref="dataSource" />
	</bean>

	<bean id="multipartResolver"
		class="org.springframework.web.multipart.commons.CommonsMultipartResolver">
		<property name="maxUploadSize" value="100000000000" />
	</bean>
	<bean id="objectMapper"
		class="com.fasterxml.jackson.databind.ObjectMapper" />
	<bean id="restTemplate"
		class="org.springframework.web.client.RestTemplate">

	</bean>



</beans>